iteration,log_likelihood
0,-1.96394e+08
1,-1.64447e+08
2,-1.49008e+08
3,-1.45373e+08
4,-1.44828e+08
