iteration,log_likelihood
0,-2.97613e+06
1,-2.76697e+06
2,-2.75069e+06
3,-2.73711e+06
4,-2.72053e+06
