Component,Weight,Mean,Covariance
0,0.299976,-2.99985  3.00126,0.998612 -0.497993 -0.497993 1.00072
1,0.300366, 0.00286778 9.93997e-05,0.999967 0.500583 0.500583 1.00387
2,0.399658,2.99758 3.00076,1.49768 -0.00525437 -0.00525437 1.50324
