Component,Weight,Mean,Covariance
0,0.0991585,2.99251,0.249431
1,0.299963,0.000151668,1.00062
2,0.299896,10.0014,0.997785
3,0.300982,4.99271,1.01276
