Component,Weight,Mean,Covariance
0,0.534675, 0.284002 -0.471014  0.578555  0.628802,0.441491 0.292593 0.221951 0.269922 0.292593 0.521432 0.176386 0.26843 0.221951 0.176386 0.173027 0.212519 0.269922 0.26843 0.212519 0.341689
1,0.131995,  1.41171 -0.246879  0.951947  0.621913,0.422176 0.31584 0.324519 0.246061 0.31584 0.786383 0.152641 0.126484 0.324519 0.152641 0.293417 0.221432 0.246061 0.126484 0.221432 0.184208
2,0.33333,-1.01457 0.853287 -1.30499 -1.25489,0.179768 0.271192 0.0110378 0.0161479 0.271192 0.747136 0.0149972 0.0276126 0.0110378 0.0149972 0.0105481 0.00445016 0.0161479 0.0276126 0.00445016 0.0198588
