Component,Weight,Mean,Covariance
0,0.300168,0.0877296 -0.642776  0.253313  0.129477,0.405116 0.270008 0.127406 0.0869877 0.270008 0.491273 0.119237 0.130353 0.127406 0.119237 0.0661725 0.0459235 0.0869877 0.130353 0.0459235 0.0568005
1,0.333333,-1.01458 0.853263 -1.30499 -1.25489,0.17977 0.271204 0.0110383 0.0161474 0.271204 0.747192 0.0149993 0.0276105 0.0110383 0.0149993 0.010548 0.00445008 0.0161474 0.0276105 0.00445008 0.0198587
2,0.366499, 0.850915 -0.249605  0.979428   1.03529,0.569373 0.257346 0.208402 0.0976177 0.257346 0.586453 0.110252 0.16958 0.208402 0.110252 0.106743 0.0552572 0.0976177 0.16958 0.0552572 0.148857
