Component,Weight,Mean,Covariance
0,0.24380126125924434,-3.449520 -3.427176,1.004912 -0.677300 -0.677300 0.992390
1,0.006479560186536218,-4.104991 -2.947267,1.519328 -2.001533 -2.001533 2.657190
2,0.49861178615900265,-2.850466 4.102591,3.510253 1.077103 1.077103 1.169610
3,0.2511073923952127,2.323961 0.992651,1.012016 0.308857 0.308857 1.064817
